{
  "slug": {
    "precision": 1.0,
    "recall": 0.7575757575757576,
    "f1-score": 0.8620689655172413,
    "support": 33,
    "confused_with": {}
  },
  "micro avg": {
    "precision": 1.0,
    "recall": 0.7575757575757576,
    "f1-score": 0.8620689655172413,
    "support": 33
  },
  "macro avg": {
    "precision": 1.0,
    "recall": 0.7575757575757576,
    "f1-score": 0.8620689655172413,
    "support": 33
  },
  "weighted avg": {
    "precision": 1.0,
    "recall": 0.7575757575757576,
    "f1-score": 0.8620689655172413,
    "support": 33
  }
}